file	url	source	author	license
01-62891762.jpg	https://thumb.wikimedia.org/wikipedia/commons/thumb/9/96/01-%E0%B8%9E%E0%B8%A3%E0%B8%B0%E0%B8%97%E0%B8%B5%E0%B9%88%E0%B8%99%E0%B8%B1%E0%B9%88%E0%B8%87%E0%B8%84%E0%B8%B9%E0%B8%AB%E0%B8%B2%E0%B8%84%E0%B8%A4%E0%B8%AB%E0%B8%B2%E0%B8%AA%E0%B8%99%E0%B9%8C.jpg/960px-01-%E0%B8%9E%E0%B8%A3%E0%B8%B0%E0%B8%97%E0%B8%B5%E0%B9%88%E0%B8%99%E0%B8%B1%E0%B9%88%E0%B8%87%E0%B8%84%E0%B8%B9%E0%B8%AB%E0%B8%B2%E0%B8%84%E0%B8%A4%E0%B8%AB%E0%B8%B2%E0%B8%AA%E0%B8%99%E0%B9%8C.jpg?utm_source=commons.wikimedia.org&utm_campaign=imageinfo&utm_content=thumbnail	https://commons.wikimedia.org/wiki/File:01-%E0%B8%9E%E0%B8%A3%E0%B8%B0%E0%B8%97%E0%B8%B5%E0%B9%88%E0%B8%99%E0%B8%B1%E0%B9%88%E0%B8%87%E0%B8%84%E0%B8%B9%E0%B8%AB%E0%B8%B2%E0%B8%84%E0%B8%A4%E0%B8%AB%E0%B8%B2%E0%B8%AA%E0%B8%99%E0%B9%8C.jpg	BerryJ	CC BY-SA 4.0
02025-0882-street-photography-in-176158226.jpg	https://thumb.wikimedia.org/wikipedia/commons/thumb/e/e6/02025_0882_Street_photography_in_Bielsko-Bia%C5%82a.jpg/960px-02025_0882_Street_photography_in_Bielsko-Bia%C5%82a.jpg?utm_source=commons.wikimedia.org&utm_campaign=imageinfo&utm_content=thumbnail	https://commons.wikimedia.org/wiki/File:02025_0882_Street_photography_in_Bielsko-Bia%C5%82a.jpg	Marsilar	CC BY-SA 4.0
09-stra-enszene-sarajevo-1932-143896548.jpg	https://thumb.wikimedia.org/wikipedia/commons/thumb/2/2a/09_-_Stra%C3%9Fenszene_Sarajevo_%281932%29.jpg/960px-09_-_Stra%C3%9Fenszene_Sarajevo_%281932%29.jpg?utm_source=commons.wikimedia.org&utm_campaign=imageinfo&utm_content=thumbnail	https://commons.wikimedia.org/wiki/File:09_-_Stra%C3%9Fenszene_Sarajevo_(1932).jpg	Ottomar Krupski	CC0
1-cello-125123702.jpg	https://upload.wikimedia.org/wikipedia/commons/e/ea/1_cello.jpg?utm_source=commons.wikimedia.org&utm_campaign=imageinfo&utm_content=thumbnail_unscaled	https://commons.wikimedia.org/wiki/File:1_cello.jpg	MRuniqat	Public domain
1-pano-cuiping-yangshuo-2016-54739240.jpg	https://thumb.wikimedia.org/wikipedia/commons/thumb/1/1b/1_pano_cuiping_yangshuo_2016.jpg/960px-1_pano_cuiping_yangshuo_2016.jpg?utm_source=commons.wikimedia.org&utm_campaign=imageinfo&utm_content=thumbnail	https://commons.wikimedia.org/wiki/File:1_pano_cuiping_yangshuo_2016.jpg	Chensiyuan	CC BY-SA 4.0
10908612473-flickr-flintman45-92519192.jpg	https://thumb.wikimedia.org/wikipedia/commons/thumb/b/bf/10908612473_-_Flickr_-_flintman45.jpg/960px-10908612473_-_Flickr_-_flintman45.jpg?utm_source=commons.wikimedia.org&utm_campaign=imageinfo&utm_content=thumbnail	https://commons.wikimedia.org/wiki/File:10908612473_-_Flickr_-_flintman45.jpg	lee roberts from Eastbourne, England	CC BY-SA 2.0
109992-a-parking-lot-for-manual-148230624.jpg	https://thumb.wikimedia.org/wikipedia/commons/thumb/1/11/109992_a_parking_lot_for_manual_freight_carts_in_the_old_PikiWiki_Israel.jpg/960px-109992_a_parking_lot_for_manual_freight_carts_in_the_old_PikiWiki_Israel.jpg?utm_source=commons.wikimedia.org&utm_campaign=imageinfo&utm_content=thumbnail	https://commons.wikimedia.org/wiki/File:109992_a_parking_lot_for_manual_freight_carts_in_the_old_PikiWiki_Israel.jpg	שלמה רודד	CC BY 2.5
11-16-2025-54927507263-178703805.jpg	https://thumb.wikimedia.org/wikipedia/commons/thumb/2/2f/11.16_%E7%B8%BD%E7%B5%B1%E5%87%BA%E5%B8%AD%E3%80%8C2025%E7%B8%BD%E7%B5%B1%E7%9B%83%E5%85%A8%E6%B0%91%E9%81%8B%E5%8B%95%E8%B3%BD%E4%BA%8B%EF%BC%8D%E8%A1%97%E8%88%9E%E5%A4%A7%E8%B3%BD%E3%80%8D%E6%B1%BA%E8%B3%BD%E6%9A%A8%E9%A0%92%E7%8D%8E%E5%85%B8%E7%A6%AE_-_54927507263.jpg/960px-11.16_%E7%B8%BD%E7%B5%B1%E5%87%BA%E5%B8%AD%E3%80%8C2025%E7%B8%BD%E7%B5%B1%E7%9B%83%E5%85%A8%E6%B0%91%E9%81%8B%E5%8B%95%E8%B3%BD%E4%BA%8B%EF%BC%8D%E8%A1%97%E8%88%9E%E5%A4%A7%E8%B3%BD%E3%80%8D%E6%B1%BA%E8%B3%BD%E6%9A%A8%E9%A0%92%E7%8D%8E%E5%85%B8%E7%A6%AE_-_54927507263.jpg?utm_source=commons.wikimedia.org&utm_campaign=imageinfo&utm_content=thumbnail	https://commons.wikimedia.org/wiki/File:11.16_%E7%B8%BD%E7%B5%B1%E5%87%BA%E5%B8%AD%E3%80%8C2025%E7%B8%BD%E7%B5%B1%E7%9B%83%E5%85%A8%E6%B0%91%E9%81%8B%E5%8B%95%E8%B3%BD%E4%BA%8B%EF%BC%8D%E8%A1%97%E8%88%9E%E5%A4%A7%E8%B3%BD%E3%80%8D%E6%B1%BA%E8%B3%BD%E6%9A%A8%E9%A0%92%E7%8D%8E%E5%85%B8%E7%A6%AE_-_54927507263.jpg	Taiwan Presidential Office	CC BY 4.0
112611-klezmer-in-mahane-yehuda-149862245.jpg	https://thumb.wikimedia.org/wikipedia/commons/thumb/f/f6/112611_klezmer_in_mahane_yehuda_market_PikiWiki_Israel.jpg/960px-112611_klezmer_in_mahane_yehuda_market_PikiWiki_Israel.jpg?utm_source=commons.wikimedia.org&utm_campaign=imageinfo&utm_content=thumbnail	https://commons.wikimedia.org/wiki/File:112611_klezmer_in_mahane_yehuda_market_PikiWiki_Israel.jpg	שלמה רודד	CC BY 2.5
112612-klezmer-in-mahane-yehuda-149842324.jpg	https://thumb.wikimedia.org/wikipedia/commons/thumb/a/aa/112612_klezmer_in_mahane_yehuda_market_PikiWiki_Israel.jpg/960px-112612_klezmer_in_mahane_yehuda_market_PikiWiki_Israel.jpg?utm_source=commons.wikimedia.org&utm_campaign=imageinfo&utm_content=thumbnail	https://commons.wikimedia.org/wiki/File:112612_klezmer_in_mahane_yehuda_market_PikiWiki_Israel.jpg	שלמה רודד	CC BY 2.5
112613-klezmer-in-mahane-yehuda-149842317.jpg	https://thumb.wikimedia.org/wikipedia/commons/thumb/f/fc/112613_klezmer_in_mahane_yehuda_market_PikiWiki_Israel.jpg/960px-112613_klezmer_in_mahane_yehuda_market_PikiWiki_Israel.jpg?utm_source=commons.wikimedia.org&utm_campaign=imageinfo&utm_content=thumbnail	https://commons.wikimedia.org/wiki/File:112613_klezmer_in_mahane_yehuda_market_PikiWiki_Israel.jpg	שלמה רודד	CC BY 2.5
14979290280-flickr-ant-jackson-92659765.jpg	https://thumb.wikimedia.org/wikipedia/commons/thumb/5/55/14979290280_-_Flickr_-_Ant_Jackson.jpg/960px-14979290280_-_Flickr_-_Ant_Jackson.jpg?utm_source=commons.wikimedia.org&utm_campaign=imageinfo&utm_content=thumbnail	https://commons.wikimedia.org/wiki/File:14979290280_-_Flickr_-_Ant_Jackson.jpg	Ant Jackson from Leeds, England	CC BY 2.0
1906-06-10-ernst-schlote-handsch-193368532.jpg	https://thumb.wikimedia.org/wikipedia/commons/thumb/0/07/1906-06-10_Ernst_Schlote_handschriftlicher_Brief_aus_Tsingtao_%28Lifang%29_an_Frl._Maria_L%C3%BCdeke_in_Linden_bei_Hannover%2C_Marktplatz_12%2C_Brief_Seite_1.jpg/960px-1906-06-10_Ernst_Schlote_handschriftlicher_Brief_aus_Tsingtao_%28Lifang%29_an_Frl._Maria_L%C3%BCdeke_in_Linden_bei_Hannover%2C_Marktplatz_12%2C_Brief_Seite_1.jpg?utm_source=commons.wikimedia.org&utm_campaign=imageinfo&utm_content=thumbnail	https://commons.wikimedia.org/wiki/File:1906-06-10_Ernst_Schlote_handschriftlicher_Brief_aus_Tsingtao_(Lifang)_an_Frl._Maria_L%C3%BCdeke_in_Linden_bei_Hannover,_Marktplatz_12,_Brief_Seite_1.jpg	see source	CC0
1970-2018-oecd-108284187.jpg	https://upload.wikimedia.org/wikipedia/commons/0/00/1970-2018_OECD_%EC%A3%BC%EC%9A%94%EA%B5%AD_%ED%95%A9%EA%B3%84%EC%B6%9C%EC%82%B0%EC%9C%A8_%EC%97%B0%ED%8F%89%EA%B7%A0_%EC%A6%9D%EA%B0%90%EB%A5%A0_%EB%B9%84%EA%B5%90.jpg?utm_source=commons.wikimedia.org&utm_campaign=imageinfo&utm_content=thumbnail_unscaled	https://commons.wikimedia.org/wiki/File:1970-2018_OECD_%EC%A3%BC%EC%9A%94%EA%B5%AD_%ED%95%A9%EA%B3%84%EC%B6%9C%EC%82%B0%EC%9C%A8_%EC%97%B0%ED%8F%89%EA%B7%A0_%EC%A6%9D%EA%B0%90%EB%A5%A0_%EB%B9%84%EA%B5%90.jpg	see source	CC BY-SA 4.0
1996-oficio-agradecimento-associ-182780126.jpg	https://thumb.wikimedia.org/wikipedia/commons/thumb/0/0e/1996-Oficio-Agradecimento-Associacao-Sao-Roque_01.jpg/960px-1996-Oficio-Agradecimento-Associacao-Sao-Roque_01.jpg?utm_source=commons.wikimedia.org&utm_campaign=imageinfo&utm_content=thumbnail	https://commons.wikimedia.org/wiki/File:1996-Oficio-Agradecimento-Associacao-Sao-Roque_01.jpg	Jsilveirajunior	CC BY 4.0
1996-oficio-camara-municipal-de-182780129.jpg	https://thumb.wikimedia.org/wikipedia/commons/thumb/d/d0/1996-Oficio-Camara-Municipal-de-Tibagi-Convoca-Presidente-para-homenagem.jpg/960px-1996-Oficio-Camara-Municipal-de-Tibagi-Convoca-Presidente-para-homenagem.jpg?utm_source=commons.wikimedia.org&utm_campaign=imageinfo&utm_content=thumbnail	https://commons.wikimedia.org/wiki/File:1996-Oficio-Camara-Municipal-de-Tibagi-Convoca-Presidente-para-homenagem.jpg	Jsilveirajunior	CC BY 4.0
1a-latin-dakshina-training-weigh-189087290.png	https://upload.wikimedia.org/wikipedia/commons/5/5b/1a_Latin%E2%80%94Dakshina_Training_Weighted_Word_Autocomplete_Counts.png?utm_source=commons.wikimedia.org&utm_campaign=imageinfo&utm_content=thumbnail_unscaled	https://commons.wikimedia.org/wiki/File:1a_Latin%E2%80%94Dakshina_Training_Weighted_Word_Autocomplete_Counts.png	TJones (WMF)	CC BY-SA 4.0
1b-transliterated-dakshina-train-189087515.png	https://upload.wikimedia.org/wikipedia/commons/e/e6/1b_Transliterated%E2%80%94Dakshina_Training_Weighted_Word_Autocomplete_Counts.png?utm_source=commons.wikimedia.org&utm_campaign=imageinfo&utm_content=thumbnail_unscaled	https://commons.wikimedia.org/wiki/File:1b_Transliterated%E2%80%94Dakshina_Training_Weighted_Word_Autocomplete_Counts.png	TJones (WMF)	CC BY-SA 4.0
20110419-ani-north-walls-turkey-15457199.jpg	https://thumb.wikimedia.org/wikipedia/commons/thumb/7/71/20110419_Ani_North_Walls_Turkey_Panorama.jpg/960px-20110419_Ani_North_Walls_Turkey_Panorama.jpg?utm_source=commons.wikimedia.org&utm_campaign=imageinfo&utm_content=thumbnail	https://commons.wikimedia.org/wiki/File:20110419_Ani_North_Walls_Turkey_Panorama.jpg	Ggia	CC BY-SA 3.0
2013-cogden-bridge-49065289.jpg	https://thumb.wikimedia.org/wikipedia/commons/thumb/6/61/2013_Cogden_Bridge.jpg/960px-2013_Cogden_Bridge.jpg?utm_source=commons.wikimedia.org&utm_campaign=imageinfo&utm_content=thumbnail	https://commons.wikimedia.org/wiki/File:2013_Cogden_Bridge.jpg	Kreuzschnabel	CC BY-SA 3.0
2013-rainbow-over-washfold-31080984.jpg	https://thumb.wikimedia.org/wikipedia/commons/thumb/a/ad/2013_Rainbow_over_Washfold.jpg/960px-2013_Rainbow_over_Washfold.jpg?utm_source=commons.wikimedia.org&utm_campaign=imageinfo&utm_content=thumbnail	https://commons.wikimedia.org/wiki/File:2013_Rainbow_over_Washfold.jpg	Kreuzschnabel	CC BY-SA 3.0
2014-contributions-by-renewables-47412678.png	https://upload.wikimedia.org/wikipedia/commons/f/fc/2014_Contributions_by_Renewables_to_US_Total_Energy_%2811-%29.png?utm_source=commons.wikimedia.org&utm_campaign=imageinfo&utm_content=thumbnail_unscaled	https://commons.wikimedia.org/wiki/File:2014_Contributions_by_Renewables_to_US_Total_Energy_(11-).png	Queenwe	CC BY-SA 4.0
20160729-stray-cat-mandalay-hill-51359721.jpg	https://thumb.wikimedia.org/wikipedia/commons/thumb/1/16/20160729_-_Stray_cat_-_Mandalay_Hill_-_Mandalay%2C_Myanmar_-_5862.jpg/960px-20160729_-_Stray_cat_-_Mandalay_Hill_-_Mandalay%2C_Myanmar_-_5862.jpg?utm_source=commons.wikimedia.org&utm_campaign=imageinfo&utm_content=thumbnail	https://commons.wikimedia.org/wiki/File:20160729_-_Stray_cat_-_Mandalay_Hill_-_Mandalay,_Myanmar_-_5862.jpg	Jakub Hałun	CC BY-SA 4.0
2channel-web-browsing-by-nintend-130344714.jpg	https://thumb.wikimedia.org/wikipedia/commons/thumb/5/58/2channel_Web_browsing_by_Nintendo_DS_%28cropped%29.jpg/960px-2channel_Web_browsing_by_Nintendo_DS_%28cropped%29.jpg?utm_source=commons.wikimedia.org&utm_campaign=imageinfo&utm_content=thumbnail	https://commons.wikimedia.org/wiki/File:2channel_Web_browsing_by_Nintendo_DS_(cropped).jpg	MIKI Yoshihito	CC BY 2.0
2channel-web-browsing-by-nintend-32484752.jpg	https://thumb.wikimedia.org/wikipedia/commons/thumb/7/77/2channel_Web_browsing_by_Nintendo_DS.jpg/960px-2channel_Web_browsing_by_Nintendo_DS.jpg?utm_source=commons.wikimedia.org&utm_campaign=imageinfo&utm_content=thumbnail	https://commons.wikimedia.org/wiki/File:2channel_Web_browsing_by_Nintendo_DS.jpg	MIKI Yoshihito	CC BY 2.0
36-100140738.jpg	https://thumb.wikimedia.org/wikipedia/commons/thumb/f/f2/%21%D0%9C%D0%B0%D1%80%D0%BA%D1%91%D1%80_%D0%BD%D0%B0%D0%BB%D0%B0%D0%B4%D1%8B_%D0%B1%D1%8F%D1%81%D1%8C%D0%BF%D0%B5%D0%BA%D1%96_%D0%9E%D0%BF%D1%8D%D1%80%D1%8B_36.jpg/960px-%21%D0%9C%D0%B0%D1%80%D0%BA%D1%91%D1%80_%D0%BD%D0%B0%D0%BB%D0%B0%D0%B4%D1%8B_%D0%B1%D1%8F%D1%81%D1%8C%D0%BF%D0%B5%D0%BA%D1%96_%D0%9E%D0%BF%D1%8D%D1%80%D1%8B_36.jpg?utm_source=commons.wikimedia.org&utm_campaign=imageinfo&utm_content=thumbnail	https://commons.wikimedia.org/wiki/File:!%D0%9C%D0%B0%D1%80%D0%BA%D1%91%D1%80_%D0%BD%D0%B0%D0%BB%D0%B0%D0%B4%D1%8B_%D0%B1%D1%8F%D1%81%D1%8C%D0%BF%D0%B5%D0%BA%D1%96_%D0%9E%D0%BF%D1%8D%D1%80%D1%8B_36.jpg	W	CC BY-SA 4.0
6thm4a2-110429260.jpg	https://upload.wikimedia.org/wikipedia/commons/c/cb/6thm4a2.jpg?utm_source=commons.wikimedia.org&utm_campaign=imageinfo&utm_content=thumbnail_unscaled	https://commons.wikimedia.org/wiki/File:6thm4a2.jpg	Szolnok95	CC BY-SA 4.0
8-freq-polygon-5853449.jpg	https://upload.wikimedia.org/wikipedia/commons/e/ea/-8_Freq._Polygon.JPG?utm_source=commons.wikimedia.org&utm_campaign=imageinfo&utm_content=thumbnail_unscaled	https://commons.wikimedia.org/wiki/File:-8_Freq._Polygon.JPG	JLW87	Public domain
8-ogive-5853531.jpg	https://upload.wikimedia.org/wikipedia/commons/3/32/-8_Ogive.JPG?utm_source=commons.wikimedia.org&utm_campaign=imageinfo&utm_content=thumbnail_unscaled	https://commons.wikimedia.org/wiki/File:-8_Ogive.JPG	JLW87	Public domain
a-bass-guitar-player-in-nature-i-172816060.jpg	https://thumb.wikimedia.org/wikipedia/commons/thumb/4/46/%22A_bass_guitar_player_in_nature_-_Iranian_bassist_-_Performer_Aydin_Karbalaei-_Photographer_Mostafa_Meraji_%D9%80_Alamut_Mountains_in_Iran%22_03.jpg/960px-%22A_bass_guitar_player_in_nature_-_Iranian_bassist_-_Performer_Aydin_Karbalaei-_Photographer_Mostafa_Meraji_%D9%80_Alamut_Mountains_in_Iran%22_03.jpg?utm_source=commons.wikimedia.org&utm_campaign=imageinfo&utm_content=thumbnail	https://commons.wikimedia.org/wiki/File:%22A_bass_guitar_player_in_nature_-_Iranian_bassist_-_Performer_Aydin_Karbalaei-_Photographer_Mostafa_Meraji_%D9%80_Alamut_Mountains_in_Iran%22_03.jpg	Mostafameraji	CC BY-SA 4.0
a-bass-guitar-player-in-nature-i-172816093.jpg	https://thumb.wikimedia.org/wikipedia/commons/thumb/e/ed/%22A_bass_guitar_player_in_nature_-_Iranian_bassist_-_Performer_Aydin_Karbalaei-_Photographer_Mostafa_Meraji_%D9%80_Alamut_Mountains_in_Iran%22_19.jpg/960px-%22A_bass_guitar_player_in_nature_-_Iranian_bassist_-_Performer_Aydin_Karbalaei-_Photographer_Mostafa_Meraji_%D9%80_Alamut_Mountains_in_Iran%22_19.jpg?utm_source=commons.wikimedia.org&utm_campaign=imageinfo&utm_content=thumbnail	https://commons.wikimedia.org/wiki/File:%22A_bass_guitar_player_in_nature_-_Iranian_bassist_-_Performer_Aydin_Karbalaei-_Photographer_Mostafa_Meraji_%D9%80_Alamut_Mountains_in_Iran%22_19.jpg	Mostafameraji	CC BY-SA 4.0
a-bass-guitar-player-in-nature-i-172816097.jpg	https://thumb.wikimedia.org/wikipedia/commons/thumb/0/0a/%22A_bass_guitar_player_in_nature_-_Iranian_bassist_-_Performer_Aydin_Karbalaei-_Photographer_Mostafa_Meraji_%D9%80_Alamut_Mountains_in_Iran%22_21.jpg/960px-%22A_bass_guitar_player_in_nature_-_Iranian_bassist_-_Performer_Aydin_Karbalaei-_Photographer_Mostafa_Meraji_%D9%80_Alamut_Mountains_in_Iran%22_21.jpg?utm_source=commons.wikimedia.org&utm_campaign=imageinfo&utm_content=thumbnail	https://commons.wikimedia.org/wiki/File:%22A_bass_guitar_player_in_nature_-_Iranian_bassist_-_Performer_Aydin_Karbalaei-_Photographer_Mostafa_Meraji_%D9%80_Alamut_Mountains_in_Iran%22_21.jpg	Mostafameraji	CC BY-SA 4.0
a-lead-electronic-guitar-player-172814011.jpg	https://thumb.wikimedia.org/wikipedia/commons/thumb/d/d6/%22A_lead_electronic_guitar_player_in_the_Iranian_band_Mortaz-_Artist_Amirmahdi_Tavakol%22_24.jpg/960px-%22A_lead_electronic_guitar_player_in_the_Iranian_band_Mortaz-_Artist_Amirmahdi_Tavakol%22_24.jpg?utm_source=commons.wikimedia.org&utm_campaign=imageinfo&utm_content=thumbnail	https://commons.wikimedia.org/wiki/File:%22A_lead_electronic_guitar_player_in_the_Iranian_band_Mortaz-_Artist_Amirmahdi_Tavakol%22_24.jpg	Mostafameraji	CC BY-SA 4.0
alemana2-120136077.jpg	https://thumb.wikimedia.org/wikipedia/commons/thumb/0/00/Alemana2.jpg/960px-Alemana2.jpg?utm_source=commons.wikimedia.org&utm_campaign=imageinfo&utm_content=thumbnail	https://commons.wikimedia.org/wiki/File:Alemana2.jpg	Mandrakito	Public domain
analytics-2016-02-26-at-10-19-24-104346006.jpg	https://thumb.wikimedia.org/wikipedia/commons/thumb/0/0f/Analytics_2016-02-26_at_10.19.24_AM.jpg/960px-Analytics_2016-02-26_at_10.19.24_AM.jpg?utm_source=commons.wikimedia.org&utm_campaign=imageinfo&utm_content=thumbnail	https://commons.wikimedia.org/wiki/File:Analytics_2016-02-26_at_10.19.24_AM.jpg	By Lalmch from Pixabay	CC0
apae-escola-sol-nascente-convida-184811094.jpg	https://thumb.wikimedia.org/wikipedia/commons/thumb/d/d0/APAE_-_Escola_Sol_Nascente_convida_Banda_Municipal_para_abrilhantar_festividade.jpg/960px-APAE_-_Escola_Sol_Nascente_convida_Banda_Municipal_para_abrilhantar_festividade.jpg?utm_source=commons.wikimedia.org&utm_campaign=imageinfo&utm_content=thumbnail	https://commons.wikimedia.org/wiki/File:APAE_-_Escola_Sol_Nascente_convida_Banda_Municipal_para_abrilhantar_festividade.jpg	see source	Public domain
book-n-balls-39461959010-98621975.jpg	https://thumb.wikimedia.org/wikipedia/commons/thumb/1/13/-Book%27n%27Balls-_%2839461959010%29.jpg/960px--Book%27n%27Balls-_%2839461959010%29.jpg?utm_source=commons.wikimedia.org&utm_campaign=imageinfo&utm_content=thumbnail	https://commons.wikimedia.org/wiki/File:-Book%27n%27Balls-_(39461959010).jpg	Guido from Berlin	CC BY 2.0
cat-in-piran-slovenia-20240504-1-148381583.jpg	https://thumb.wikimedia.org/wikipedia/commons/thumb/5/5f/Cat_in_Piran%2C_Slovenia%2C_20240504_1600_8594.jpg/960px-Cat_in_Piran%2C_Slovenia%2C_20240504_1600_8594.jpg?utm_source=commons.wikimedia.org&utm_campaign=imageinfo&utm_content=thumbnail	https://commons.wikimedia.org/wiki/File:Cat_in_Piran,_Slovenia,_20240504_1600_8594.jpg	Jakub Hałun	CC BY 4.0
cat-sleeping-in-the-ng-c-s-n-tem-147344586.jpg	https://thumb.wikimedia.org/wikipedia/commons/thumb/f/fe/Cat_sleeping_in_the_Ng%E1%BB%8Dc_S%C6%A1n_Temple_in_Hanoi%2C_20240204_1309_5747.jpg/960px-Cat_sleeping_in_the_Ng%E1%BB%8Dc_S%C6%A1n_Temple_in_Hanoi%2C_20240204_1309_5747.jpg?utm_source=commons.wikimedia.org&utm_campaign=imageinfo&utm_content=thumbnail	https://commons.wikimedia.org/wiki/File:Cat_sleeping_in_the_Ng%E1%BB%8Dc_S%C6%A1n_Temple_in_Hanoi,_20240204_1309_5747.jpg	Jakub Hałun	CC BY 4.0
gucken-43638852170-98621847.jpg	https://thumb.wikimedia.org/wikipedia/commons/thumb/7/79/-gucken-_%2843638852170%29.jpg/960px--gucken-_%2843638852170%29.jpg?utm_source=commons.wikimedia.org&utm_campaign=imageinfo&utm_content=thumbnail	https://commons.wikimedia.org/wiki/File:-gucken-_(43638852170).jpg	Guido from Berlin	CC BY 2.0
of-a-e-attendees-seen-within-fou-70944126.png	https://thumb.wikimedia.org/wikipedia/commons/thumb/2/2e/%25_of_A%26E_Attendees_Seen_within_Four_Hours_at_WWL_Trust.png/960px-%25_of_A%26E_Attendees_Seen_within_Four_Hours_at_WWL_Trust.png?utm_source=commons.wikimedia.org&utm_campaign=imageinfo&utm_content=thumbnail	https://commons.wikimedia.org/wiki/File:%25_of_A%26E_Attendees_Seen_within_Four_Hours_at_WWL_Trust.png	Mattdawber1	CC BY-SA 4.0
panoramio-4806-54188962.jpg	https://thumb.wikimedia.org/wikipedia/commons/thumb/1/1b/-_panoramio_%284806%29.jpg/960px--_panoramio_%284806%29.jpg?utm_source=commons.wikimedia.org&utm_campaign=imageinfo&utm_content=thumbnail	https://commons.wikimedia.org/wiki/File:-_panoramio_(4806).jpg	Elías Arteaga	CC BY-SA 3.0
